INSERT INTO settings (id, floraBase, tropicosBase) VALUES ("2", "http://www.mobot.org/MOBOT/paramo/search_paramo.asp?searchFor=", "http://www.tropicos.org/Name/");

INSERT INTO lugares (id, nombre, nombreNorm) VALUES ("1", "Páramo del Cajas, Ecuador", "Paramo del Cajas, Ecuador");

INSERT INTO colores(id, nombre) VALUES ("3", "white");
INSERT INTO colores(id, nombre) VALUES ("12", "green");
INSERT INTO colores(id, nombre) VALUES ("27", "pink");
INSERT INTO colores(id, nombre) VALUES ("36", "yellow");
INSERT INTO colores(id, nombre) VALUES ("37", "orange");
INSERT INTO colores(id, nombre) VALUES ("46", "purple");
INSERT INTO colores(id, nombre) VALUES ("51", "brown");
INSERT INTO colores(id, nombre) VALUES ("70", "red");
INSERT INTO colores(id, nombre) VALUES ("126", "blue");


INSERT INTO formas_vida(id, nombre) VALUES ("4", "cushion");
INSERT INTO formas_vida(id, nombre) VALUES ("9", "shrub");
INSERT INTO formas_vida(id, nombre) VALUES ("13", "herb");
INSERT INTO formas_vida(id, nombre) VALUES ("52", "grass");
INSERT INTO formas_vida(id, nombre) VALUES ("57", "rosette");
INSERT INTO formas_vida(id, nombre) VALUES ("175", "acquatic");
INSERT INTO formas_vida(id, nombre) VALUES ("235", "liana");
INSERT INTO formas_vida(id, nombre) VALUES ("270", "tree");


INSERT INTO familias (id, nombre, nombreNorm) VALUES ("5", "Rubiaceae", "Rubiaceae");
INSERT INTO familias (id, nombre, nombreNorm) VALUES ("14", "Apiaceae", "Apiaceae");
INSERT INTO familias (id, nombre, nombreNorm) VALUES ("21", "Asteraceae", "Asteraceae");
INSERT INTO familias (id, nombre, nombreNorm) VALUES ("28", "Scrophulariaceae u Orobanchaceae", "Scrophulariaceae u Orobanchaceae");
INSERT INTO familias (id, nombre, nombreNorm) VALUES ("32", "Orobanchaceae", "Orobanchaceae");
INSERT INTO familias (id, nombre, nombreNorm) VALUES ("38", "Berberidaceae", "Berberidaceae");
INSERT INTO familias (id, nombre, nombreNorm) VALUES ("42", "Alstroemeriaceae", "Alstroemeriaceae");
INSERT INTO familias (id, nombre, nombreNorm) VALUES ("47", "Melastomataceae", "Melastomataceae");
INSERT INTO familias (id, nombre, nombreNorm) VALUES ("53", "Poaceae o Gramineae.", "Poaceae o Gramineae.");
INSERT INTO familias (id, nombre, nombreNorm) VALUES ("58", "Portulacaceae", "Portulacaceae");
INSERT INTO familias (id, nombre, nombreNorm) VALUES ("62", "Calceolariaceae", "Calceolariaceae");
INSERT INTO familias (id, nombre, nombreNorm) VALUES ("66", "Brassicaceae", "Brassicaceae");
INSERT INTO familias (id, nombre, nombreNorm) VALUES ("74", "Caryophyllaceae", "Caryophyllaceae");
INSERT INTO familias (id, nombre, nombreNorm) VALUES ("81", "Lamiaceae", "Lamiaceae");
INSERT INTO familias (id, nombre, nombreNorm) VALUES ("90", "Ericaceae", "Ericaceae");
INSERT INTO familias (id, nombre, nombreNorm) VALUES ("100", "Ephedraceae", "Ephedraceae");
INSERT INTO familias (id, nombre, nombreNorm) VALUES ("104", "Orchidaceae", "Orchidaceae");
INSERT INTO familias (id, nombre, nombreNorm) VALUES ("108", "Equisetaceae", "Equisetaceae");
INSERT INTO familias (id, nombre, nombreNorm) VALUES ("115", "Escalloniaceae", "Escalloniaceae");
INSERT INTO familias (id, nombre, nombreNorm) VALUES ("119", "Onagraceae", "Onagraceae");
INSERT INTO familias (id, nombre, nombreNorm) VALUES ("127", "Gentianaceae", "Gentianaceae");
INSERT INTO familias (id, nombre, nombreNorm) VALUES ("142", "Geraniaceae", "Geraniaceae");
INSERT INTO familias (id, nombre, nombreNorm) VALUES ("146", "Rosaceae", "Rosaceae");
INSERT INTO familias (id, nombre, nombreNorm) VALUES ("164", "Lycopodiaceae", "Lycopodiaceae");
INSERT INTO familias (id, nombre, nombreNorm) VALUES ("168", "Hypericaceae", "Hypericaceae");
INSERT INTO familias (id, nombre, nombreNorm) VALUES ("176", "Isoëtaceae", "Isoetaceae");
INSERT INTO familias (id, nombre, nombreNorm) VALUES ("180", "Pteridaceae", "Pteridaceae");
INSERT INTO familias (id, nombre, nombreNorm) VALUES ("192", "Fabaceae", "Fabaceae");
INSERT INTO familias (id, nombre, nombreNorm) VALUES ("196", "Campanulaceae", "Campanulaceae");
INSERT INTO familias (id, nombre, nombreNorm) VALUES ("205", "Polygalaceae", "Polygalaceae");
INSERT INTO familias (id, nombre, nombreNorm) VALUES ("209", "Haloragaceae", "Haloragaceae");
INSERT INTO familias (id, nombre, nombreNorm) VALUES ("213", "Poaceae o Gramineae", "Poaceae o Gramineae");
INSERT INTO familias (id, nombre, nombreNorm) VALUES ("217", "Malvaceae", "Malvaceae");
INSERT INTO familias (id, nombre, nombreNorm) VALUES ("224", "Plantaginaceae", "Plantaginaceae");
INSERT INTO familias (id, nombre, nombreNorm) VALUES ("228", "Oxalidaceae", "Oxalidaceae");
INSERT INTO familias (id, nombre, nombreNorm) VALUES ("236", "Passifloraceae", "Passifloraceae");
INSERT INTO familias (id, nombre, nombreNorm) VALUES ("248", "Piperaceae", "Piperaceae");
INSERT INTO familias (id, nombre, nombreNorm) VALUES ("258", "Lentibulariaceae", "Lentibulariaceae");
INSERT INTO familias (id, nombre, nombreNorm) VALUES ("274", "Potamogetonaceae", "Potamogetonaceae");
INSERT INTO familias (id, nombre, nombreNorm) VALUES ("281", "Bromeliaceae", "Bromeliaceae");
INSERT INTO familias (id, nombre, nombreNorm) VALUES ("285", "Ranunculaceae", "Ranunculaceae");
INSERT INTO familias (id, nombre, nombreNorm) VALUES ("291", "Grossulariaceae", "Grossulariaceae");
INSERT INTO familias (id, nombre, nombreNorm) VALUES ("298", "Cyperaceae", "Cyperaceae");
INSERT INTO familias (id, nombre, nombreNorm) VALUES ("305", "Iridaceae", "Iridaceae");
INSERT INTO familias (id, nombre, nombreNorm) VALUES ("315", "Valerianaceae", "Valerianaceae");
INSERT INTO familias (id, nombre, nombreNorm) VALUES ("329", "Violaceae", "Violaceae");


INSERT INTO generos (id, nombre, nombreNorm, familia) VALUES ("6", "Arcytophyllum", "Arcytophyllum", "5");
INSERT INTO generos (id, nombre, nombreNorm, familia) VALUES ("15", "Arracacia", "Arracacia", "14");
INSERT INTO generos (id, nombre, nombreNorm, familia) VALUES ("18", "Azorella", "Azorella", "14");
INSERT INTO generos (id, nombre, nombreNorm, familia) VALUES ("22", "Baccharis", "Baccharis", "21");
INSERT INTO generos (id, nombre, nombreNorm, familia) VALUES ("29", "Bartsia", "Bartsia", "28");
INSERT INTO generos (id, nombre, nombreNorm, familia) VALUES ("33", "Bartsia", "Bartsia", "32");
INSERT INTO generos (id, nombre, nombreNorm, familia) VALUES ("39", "Berberis", "Berberis", "38");
INSERT INTO generos (id, nombre, nombreNorm, familia) VALUES ("43", "Bomarea", "Bomarea", "42");
INSERT INTO generos (id, nombre, nombreNorm, familia) VALUES ("48", "Brachyotum", "Brachyotum", "47");
INSERT INTO generos (id, nombre, nombreNorm, familia) VALUES ("54", "Calamagrostis", "Calamagrostis", "53");
INSERT INTO generos (id, nombre, nombreNorm, familia) VALUES ("59", "Calandrinia", "Calandrinia", "58");
INSERT INTO generos (id, nombre, nombreNorm, familia) VALUES ("63", "Calceolaria", "Calceolaria", "62");
INSERT INTO generos (id, nombre, nombreNorm, familia) VALUES ("67", "Cardamine", "Cardamine", "66");
INSERT INTO generos (id, nombre, nombreNorm, familia) VALUES ("71", "Castilleja", "Castilleja", "32");
INSERT INTO generos (id, nombre, nombreNorm, familia) VALUES ("75", "Cerastium", "Cerastium", "74");
INSERT INTO generos (id, nombre, nombreNorm, familia) VALUES ("78", "Chuquiraga", "Chuquiraga", "21");
INSERT INTO generos (id, nombre, nombreNorm, familia) VALUES ("82", "Clinopodium", "Clinopodium", "81");
INSERT INTO generos (id, nombre, nombreNorm, familia) VALUES ("85", "Diplostephium", "Diplostephium", "21");
INSERT INTO generos (id, nombre, nombreNorm, familia) VALUES ("91", "Disterigma", "Disterigma", "90");
INSERT INTO generos (id, nombre, nombreNorm, familia) VALUES ("94", "Dorobaea", "Dorobaea", "21");
INSERT INTO generos (id, nombre, nombreNorm, familia) VALUES ("97", "Draba", "Draba", "66");
INSERT INTO generos (id, nombre, nombreNorm, familia) VALUES ("101", "Ephedra", "Ephedra", "100");
INSERT INTO generos (id, nombre, nombreNorm, familia) VALUES ("105", "Epidendrum", "Epidendrum", "104");
INSERT INTO generos (id, nombre, nombreNorm, familia) VALUES ("109", "Equisetum", "Equisetum", "108");
INSERT INTO generos (id, nombre, nombreNorm, familia) VALUES ("112", "Eryngium", "Eryngium", "14");
INSERT INTO generos (id, nombre, nombreNorm, familia) VALUES ("116", "Escalonia", "Escalonia", "115");
INSERT INTO generos (id, nombre, nombreNorm, familia) VALUES ("120", "Fuchsia", "Fuchsia", "119");
INSERT INTO generos (id, nombre, nombreNorm, familia) VALUES ("123", "Galium", "Galium", "5");
INSERT INTO generos (id, nombre, nombreNorm, familia) VALUES ("128", "Gentiana", "Gentiana", "127");
INSERT INTO generos (id, nombre, nombreNorm, familia) VALUES ("131", "Gentianella", "Gentianella", "127");
INSERT INTO generos (id, nombre, nombreNorm, familia) VALUES ("143", "Geranium", "Geranium", "142");
INSERT INTO generos (id, nombre, nombreNorm, familia) VALUES ("147", "Geum", "Geum", "146");
INSERT INTO generos (id, nombre, nombreNorm, familia) VALUES ("150", "Gynoxys", "Gynoxys", "21");
INSERT INTO generos (id, nombre, nombreNorm, familia) VALUES ("155", "Halenia", "Halenia", "127");
INSERT INTO generos (id, nombre, nombreNorm, familia) VALUES ("158", "Hesperomeles", "Hesperomeles", "146");
INSERT INTO generos (id, nombre, nombreNorm, familia) VALUES ("161", "Hieracium", "Hieracium", "21");
INSERT INTO generos (id, nombre, nombreNorm, familia) VALUES ("165", "Huperzia", "Huperzia", "164");
INSERT INTO generos (id, nombre, nombreNorm, familia) VALUES ("169", "Hypericum", "Hypericum", "168");
INSERT INTO generos (id, nombre, nombreNorm, familia) VALUES ("172", "Hypochaeris", "Hypochaeris", "21");
INSERT INTO generos (id, nombre, nombreNorm, familia) VALUES ("177", "Isoëtes", "Isoetes", "176");
INSERT INTO generos (id, nombre, nombreNorm, familia) VALUES ("181", "Jamesonia", "Jamesonia", "180");
INSERT INTO generos (id, nombre, nombreNorm, familia) VALUES ("184", "Lachemilla", "Lachemilla", "146");
INSERT INTO generos (id, nombre, nombreNorm, familia) VALUES ("189", "Loricaria", "Loricaria", "21");
INSERT INTO generos (id, nombre, nombreNorm, familia) VALUES ("193", "Lupinus", "Lupinus", "192");
INSERT INTO generos (id, nombre, nombreNorm, familia) VALUES ("197", "Lysipomia", "Lysipomia", "196");
INSERT INTO generos (id, nombre, nombreNorm, familia) VALUES ("200", "Miconia", "Miconia", "47");
INSERT INTO generos (id, nombre, nombreNorm, familia) VALUES ("206", "Monnina", "Monnina", "205");
INSERT INTO generos (id, nombre, nombreNorm, familia) VALUES ("210", "Myriophyllum", "Myriophyllum", "209");
INSERT INTO generos (id, nombre, nombreNorm, familia) VALUES ("214", "Neurolepis", "Neurolepis", "213");
INSERT INTO generos (id, nombre, nombreNorm, familia) VALUES ("218", "Nototriche", "Nototriche", "217");
INSERT INTO generos (id, nombre, nombreNorm, familia) VALUES ("221", "Oritrophium", "Oritrophium", "21");
INSERT INTO generos (id, nombre, nombreNorm, familia) VALUES ("225", "Ourisia", "Ourisia", "224");
INSERT INTO generos (id, nombre, nombreNorm, familia) VALUES ("229", "Oxalis", "Oxalis", "228");
INSERT INTO generos (id, nombre, nombreNorm, familia) VALUES ("232", "Paspalum", "Paspalum", "213");
INSERT INTO generos (id, nombre, nombreNorm, familia) VALUES ("237", "Passiflora", "Passiflora", "236");
INSERT INTO generos (id, nombre, nombreNorm, familia) VALUES ("240", "Pedicularis", "Pedicularis", "32");
INSERT INTO generos (id, nombre, nombreNorm, familia) VALUES ("243", "Pentacalia", "Pentacalia", "21");
INSERT INTO generos (id, nombre, nombreNorm, familia) VALUES ("249", "Peperomia", "Peperomia", "248");
INSERT INTO generos (id, nombre, nombreNorm, familia) VALUES ("252", "Perezia", "Perezia", "21");
INSERT INTO generos (id, nombre, nombreNorm, familia) VALUES ("255", "Pernettya", "Pernettya", "90");
INSERT INTO generos (id, nombre, nombreNorm, familia) VALUES ("259", "Pinguicula", "Pinguicula", "258");
INSERT INTO generos (id, nombre, nombreNorm, familia) VALUES ("262", "Plantago", "Plantago", "224");
INSERT INTO generos (id, nombre, nombreNorm, familia) VALUES ("267", "Pleurothallis", "Pleurothallis", "104");
INSERT INTO generos (id, nombre, nombreNorm, familia) VALUES ("271", "Polylepis", "Polylepis", "146");
INSERT INTO generos (id, nombre, nombreNorm, familia) VALUES ("275", "Potamogeton", "Potamogeton", "274");
INSERT INTO generos (id, nombre, nombreNorm, familia) VALUES ("278", "Potentilla", "Potentilla", "146");
INSERT INTO generos (id, nombre, nombreNorm, familia) VALUES ("282", "Puya", "Puya", "281");
INSERT INTO generos (id, nombre, nombreNorm, familia) VALUES ("286", "Ranunculus", "Ranunculus", "285");
INSERT INTO generos (id, nombre, nombreNorm, familia) VALUES ("292", "Ribes", "Ribes", "291");
INSERT INTO generos (id, nombre, nombreNorm, familia) VALUES ("295", "Rubus", "Rubus", "146");
INSERT INTO generos (id, nombre, nombreNorm, familia) VALUES ("299", "Scirpus", "Scirpus", "298");
INSERT INTO generos (id, nombre, nombreNorm, familia) VALUES ("302", "Senecio", "Senecio", "21");
INSERT INTO generos (id, nombre, nombreNorm, familia) VALUES ("306", "Sisyrinchium", "Sisyrinchium", "305");
INSERT INTO generos (id, nombre, nombreNorm, familia) VALUES ("309", "Stachys", "Stachys", "81");
INSERT INTO generos (id, nombre, nombreNorm, familia) VALUES ("312", "Vaccinium", "Vaccinium", "90");
INSERT INTO generos (id, nombre, nombreNorm, familia) VALUES ("316", "Valeriana", "Valeriana", "315");
INSERT INTO generos (id, nombre, nombreNorm, familia) VALUES ("330", "Viola", "Viola", "329");
INSERT INTO generos (id, nombre, nombreNorm, familia) VALUES ("333", "Werneria", "Werneria", "21");
INSERT INTO generos (id, nombre, nombreNorm, familia) VALUES ("340", "Xenophyllum", "Xenophyllum", "21");


INSERT INTO especies (id, nombre, nombreNorm, genero) VALUES ("140", "rapunculoides", "rapunculoides", "131");
INSERT INTO especies (id, nombre, nombreNorm, genero) VALUES ("19", "pedunculata", "pedunculata", "18");
INSERT INTO especies (id, nombre, nombreNorm, genero) VALUES ("25", "genistelloides", "genistelloides", "22");
INSERT INTO especies (id, nombre, nombreNorm, genero) VALUES ("40", "lutea", "lutea", "39");
INSERT INTO especies (id, nombre, nombreNorm, genero) VALUES ("64", "rosmarinifolia", "rosmarinifolia", "63");
INSERT INTO especies (id, nombre, nombreNorm, genero) VALUES ("68", "jamesonii", "jamesonii", "67");
INSERT INTO especies (id, nombre, nombreNorm, genero) VALUES ("83", "nubigenum", "nubigenum", "82");
INSERT INTO especies (id, nombre, nombreNorm, genero) VALUES ("72", "fissifolia", "fissifolia", "71");
INSERT INTO especies (id, nombre, nombreNorm, genero) VALUES ("121", "vulcanica", "vulcanica", "120");
INSERT INTO especies (id, nombre, nombreNorm, genero) VALUES ("95", "pimpinellifolia", "pimpinellifolia", "94");
INSERT INTO especies (id, nombre, nombreNorm, genero) VALUES ("102", "americana", "americana", "101");
INSERT INTO especies (id, nombre, nombreNorm, genero) VALUES ("110", "bogotense", "bogotense", "109");
INSERT INTO especies (id, nombre, nombreNorm, genero) VALUES ("144", "multipartitum", "multipartitum", "143");
INSERT INTO especies (id, nombre, nombreNorm, genero) VALUES ("124", "hypocarpium", "hypocarpium", "123");
INSERT INTO especies (id, nombre, nombreNorm, genero) VALUES ("148", "peruvianum", "peruvianum", "147");
INSERT INTO especies (id, nombre, nombreNorm, genero) VALUES ("159", "obtusifolia", "obtusifolia", "158");
INSERT INTO especies (id, nombre, nombreNorm, genero) VALUES ("178", "novo-granadensis", "novo-granadensis", "177");
INSERT INTO especies (id, nombre, nombreNorm, genero) VALUES ("170", "aciculare", "aciculare", "169");
INSERT INTO especies (id, nombre, nombreNorm, genero) VALUES ("185", "hispidula", "hispidula", "184");
INSERT INTO especies (id, nombre, nombreNorm, genero) VALUES ("194", "microphyllus", "microphyllus", "193");
INSERT INTO especies (id, nombre, nombreNorm, genero) VALUES ("187", "orbiculata", "orbiculata", "184");
INSERT INTO especies (id, nombre, nombreNorm, genero) VALUES ("230", "phaeotricha", "phaeotricha", "229");
INSERT INTO especies (id, nombre, nombreNorm, genero) VALUES ("215", "villosa", "villosa", "214");
INSERT INTO especies (id, nombre, nombreNorm, genero) VALUES ("222", "crocifolium", "crocifolium", "221");
INSERT INTO especies (id, nombre, nombreNorm, genero) VALUES ("241", "incurva", "incurva", "240");
INSERT INTO especies (id, nombre, nombreNorm, genero) VALUES ("244", "arbutifolia", "arbutifolia", "243");
INSERT INTO especies (id, nombre, nombreNorm, genero) VALUES ("250", "graveolens", "graveolens", "249");
INSERT INTO especies (id, nombre, nombreNorm, genero) VALUES ("7", "filiforme", "filiforme", "6");
INSERT INTO especies (id, nombre, nombreNorm, genero) VALUES ("23", "caespitosa", "caespitosa", "22");
INSERT INTO especies (id, nombre, nombreNorm, genero) VALUES ("10", "vernicosum", "vernicosum", "6");
INSERT INTO especies (id, nombre, nombreNorm, genero) VALUES ("16", "elata", "elata", "15");
INSERT INTO especies (id, nombre, nombreNorm, genero) VALUES ("30", "laticrenata", "laticrenata", "29");
INSERT INTO especies (id, nombre, nombreNorm, genero) VALUES ("34", "pedicularioides", "pedicularioides", "33");
INSERT INTO especies (id, nombre, nombreNorm, genero) VALUES ("44", "glaucescens", "glaucescens", "43");
INSERT INTO especies (id, nombre, nombreNorm, genero) VALUES ("265", "rigida", "rigida", "262");
INSERT INTO especies (id, nombre, nombreNorm, genero) VALUES ("256", "prostrata", "prostrata", "255");
INSERT INTO especies (id, nombre, nombreNorm, genero) VALUES ("263", "australis", "australis", "262");
INSERT INTO especies (id, nombre, nombreNorm, genero) VALUES ("268", "coriacardia", "coriacardia", "267");
INSERT INTO especies (id, nombre, nombreNorm, genero) VALUES ("279", "dombeyi", "dombeyi", "278");
INSERT INTO especies (id, nombre, nombreNorm, genero) VALUES ("283", "clava-herculis", "clava-herculis", "282");
INSERT INTO especies (id, nombre, nombreNorm, genero) VALUES ("300", "rigidus", "rigidus", "299");
INSERT INTO especies (id, nombre, nombreNorm, genero) VALUES ("296", "coriaceus", "coriaceus", "295");
INSERT INTO especies (id, nombre, nombreNorm, genero) VALUES ("310", "elliptica", "elliptica", "309");
INSERT INTO especies (id, nombre, nombreNorm, genero) VALUES ("323", "plantaginea", "plantaginea", "316");
INSERT INTO especies (id, nombre, nombreNorm, genero) VALUES ("319", "henricii", "henricii", "316");
INSERT INTO especies (id, nombre, nombreNorm, genero) VALUES ("327", "secunda", "secunda", "316");
INSERT INTO especies (id, nombre, nombreNorm, genero) VALUES ("336", "pumila", "pumila", "333");
INSERT INTO especies (id, nombre, nombreNorm, genero) VALUES ("341", "humile", "humile", "340");
INSERT INTO especies (id, nombre, nombreNorm, genero) VALUES ("173", "sessiliflora", "sessiliflora", "172");
INSERT INTO especies (id, nombre, nombreNorm, genero) VALUES ("132", "cerastioides", "cerastioides", "131");
INSERT INTO especies (id, nombre, nombreNorm, genero) VALUES ("134", "hirculus", "hirculus", "131");
INSERT INTO especies (id, nombre, nombreNorm, genero) VALUES ("138", "longibarbata", "longibarbata", "131");
INSERT INTO especies (id, nombre, nombreNorm, genero) VALUES ("136", "hyssopofila", "hyssopofila", "131");
INSERT INTO especies (id, nombre, nombreNorm, genero) VALUES ("151", "cuicochensis", "cuicochensis", "150");
INSERT INTO especies (id, nombre, nombreNorm, genero) VALUES ("153", "miniphylla", "miniphylla", "150");
INSERT INTO especies (id, nombre, nombreNorm, genero) VALUES ("156", "serpyllifolia", "serpyllifolia", "155");
INSERT INTO especies (id, nombre, nombreNorm, genero) VALUES ("162", "frigidum", "frigidum", "161");
INSERT INTO especies (id, nombre, nombreNorm, genero) VALUES ("166", "crassa", "crassa", "165");
INSERT INTO especies (id, nombre, nombreNorm, genero) VALUES ("182", "goudotii", "goudotii", "181");
INSERT INTO especies (id, nombre, nombreNorm, genero) VALUES ("190", "thuyoides", "thuyoides", "189");
INSERT INTO especies (id, nombre, nombreNorm, genero) VALUES ("198", "vitreola", "vitreola", "197");
INSERT INTO especies (id, nombre, nombreNorm, genero) VALUES ("201", "chionophila", "chionophila", "200");
INSERT INTO especies (id, nombre, nombreNorm, genero) VALUES ("98", "steyermarkii", "steyermarkii", "97");
INSERT INTO especies (id, nombre, nombreNorm, genero) VALUES ("49", "jamesonii", "jamesonii", "48");
INSERT INTO especies (id, nombre, nombreNorm, genero) VALUES ("88", "glandulosum", "glandulosum", "85");
INSERT INTO especies (id, nombre, nombreNorm, genero) VALUES ("92", "empetrifolium", "empetrifolium", "91");
INSERT INTO especies (id, nombre, nombreNorm, genero) VALUES ("55", "intermedia", "intermedia", "54");
INSERT INTO especies (id, nombre, nombreNorm, genero) VALUES ("60", "acaulis", "acaulis", "59");
INSERT INTO especies (id, nombre, nombreNorm, genero) VALUES ("76", "floccosum", "floccosum", "75");
INSERT INTO especies (id, nombre, nombreNorm, genero) VALUES ("79", "jussieui", "jussieui", "78");
INSERT INTO especies (id, nombre, nombreNorm, genero) VALUES ("86", "ericoides", "ericoides", "85");
INSERT INTO especies (id, nombre, nombreNorm, genero) VALUES ("106", "tenuicaule", "tenuicaule", "105");
INSERT INTO especies (id, nombre, nombreNorm, genero) VALUES ("117", "myrtilloides", "myrtilloides", "116");
INSERT INTO especies (id, nombre, nombreNorm, genero) VALUES ("113", "humile", "humile", "112");
INSERT INTO especies (id, nombre, nombreNorm, genero) VALUES ("129", "sedifolia", "sedifolia", "128");
INSERT INTO especies (id, nombre, nombreNorm, genero) VALUES ("203", "salicifolia", "salicifolia", "200");
INSERT INTO especies (id, nombre, nombreNorm, genero) VALUES ("207", "crassifolia", "crassifolia", "206");
INSERT INTO especies (id, nombre, nombreNorm, genero) VALUES ("211", "quitense", "quitense", "210");
INSERT INTO especies (id, nombre, nombreNorm, genero) VALUES ("219", "hartwegii", "hartwegii", "218");
INSERT INTO especies (id, nombre, nombreNorm, genero) VALUES ("226", "chamaedrifolia", "chamaedrifolia", "225");
INSERT INTO especies (id, nombre, nombreNorm, genero) VALUES ("233", "bonplandianum", "bonplandianum", "232");
INSERT INTO especies (id, nombre, nombreNorm, genero) VALUES ("238", "cumbalensis", "cumbalensis", "237");
INSERT INTO especies (id, nombre, nombreNorm, genero) VALUES ("253", "pungens", "pungens", "252");
INSERT INTO especies (id, nombre, nombreNorm, genero) VALUES ("260", "calyptrata", "calyptrata", "259");
INSERT INTO especies (id, nombre, nombreNorm, genero) VALUES ("246", "vacciniodes", "vacciniodes", "243");
INSERT INTO especies (id, nombre, nombreNorm, genero) VALUES ("272", "reticulata", "reticulata", "271");
INSERT INTO especies (id, nombre, nombreNorm, genero) VALUES ("276", "paramoanus", "paramoanus", "275");
INSERT INTO especies (id, nombre, nombreNorm, genero) VALUES ("287", "flagelliformis", "flagelliformis", "286");
INSERT INTO especies (id, nombre, nombreNorm, genero) VALUES ("313", "floribundum", "floribundum", "312");
INSERT INTO especies (id, nombre, nombreNorm, genero) VALUES ("317", "cernua", "cernua", "316");
INSERT INTO especies (id, nombre, nombreNorm, genero) VALUES ("293", "lehmannii", "lehmannii", "292");
INSERT INTO especies (id, nombre, nombreNorm, genero) VALUES ("289", "praemorsus", "praemorsus", "286");
INSERT INTO especies (id, nombre, nombreNorm, genero) VALUES ("303", "chionogeton", "chionogeton", "302");
INSERT INTO especies (id, nombre, nombreNorm, genero) VALUES ("307", "palustre", "palustre", "306");
INSERT INTO especies (id, nombre, nombreNorm, genero) VALUES ("334", "nubigena", "nubigena", "333");
INSERT INTO especies (id, nombre, nombreNorm, genero) VALUES ("321", "microphylla", "microphylla", "316");
INSERT INTO especies (id, nombre, nombreNorm, genero) VALUES ("331", "pygmea", "pygmea", "330");
INSERT INTO especies (id, nombre, nombreNorm, genero) VALUES ("325", "rigida", "rigida", "316");
INSERT INTO especies (id, nombre, nombreNorm, genero) VALUES ("338", "pygmaea", "pygmaea", "333");
INSERT INTO especies (id, nombre, nombreNorm, genero) VALUES ("343", "roseum", "roseum", "340");


INSERT INTO fotos (id, latitud, longitud, especie, lugar, path) VALUES ("141", "0.0", "0.0", "140", "1", "72Genti_rapu.JPG");
INSERT INTO fotos (id, latitud, longitud, especie, lugar, path) VALUES ("251", "0.0", "0.0", "250", "1", "52Pepe_grav.JPG");
INSERT INTO fotos (id, latitud, longitud, especie, lugar, path) VALUES ("8", "-2.783", "-79.2239167", "7", "1", "09Arcyt_fili.JPG");
INSERT INTO fotos (id, latitud, longitud, especie, lugar, path) VALUES ("20", "-2.7822223", "-79.2238889", "19", "1", "86Azor_pedu.JPG");
INSERT INTO fotos (id, latitud, longitud, especie, lugar, path) VALUES ("17", "-2.8439722", "-79.1437194", "16", "1", "85Arrac_elat.JPG");
INSERT INTO fotos (id, latitud, longitud, especie, lugar, path) VALUES ("26", "-2.7858333", "-79.205", "25", "1", "27Bacch_geni.JPG");
INSERT INTO fotos (id, latitud, longitud, especie, lugar, path) VALUES ("24", "-2.7822223", "-79.2233334", "23", "1", "26Bacch_caes.JPG");
INSERT INTO fotos (id, latitud, longitud, especie, lugar, path) VALUES ("41", "-2.8333333", "-79.3333333", "40", "1", "30Berb_lute.JPG");
INSERT INTO fotos (id, latitud, longitud, especie, lugar, path) VALUES ("31", "-2.7794445", "-79.2216667", "30", "1", "89Bart_lati.JPG");
INSERT INTO fotos (id, latitud, longitud, especie, lugar, path) VALUES ("35", "-2.783", "-79.2239167", "34", "1", "61Barts_pedi.JPG");
INSERT INTO fotos (id, latitud, longitud, especie, lugar, path) VALUES ("45", "-2.783", "-79.2239167", "44", "1", "66Bomarea_glaucesc copy.jpg");
INSERT INTO fotos (id, latitud, longitud, especie, lugar, path) VALUES ("50", "-2.783", "-79.2239167", "49", "1", "77Brac_jame.JPG");
INSERT INTO fotos (id, latitud, longitud, especie, lugar, path) VALUES ("61", "-2.7775", "-79.2416666", "60", "1", "59Call_acau.JPG");
INSERT INTO fotos (id, latitud, longitud, especie, lugar, path) VALUES ("56", "-2.186", "-79.2667", "55", "1", "99Cala_inte.JPG");
INSERT INTO fotos (id, latitud, longitud, especie, lugar, path) VALUES ("65", "-2.7794445", "-79.2216667", "64", "1", "36Calce_rosm.JPG");
INSERT INTO fotos (id, latitud, longitud, especie, lugar, path) VALUES ("69", "-2.7822223", "-79.2238889", "68", "1", "53Card_jame.JPG");
INSERT INTO fotos (id, latitud, longitud, especie, lugar, path) VALUES ("80", "-2.95", "-79.3", "79", "1", "49Chuqu_juss.JPG");
INSERT INTO fotos (id, latitud, longitud, especie, lugar, path) VALUES ("77", "-2.75", "-79.25", "76", "1", "06Cerast_floc.JPG");
INSERT INTO fotos (id, latitud, longitud, especie, lugar, path) VALUES ("84", "-2.7858333", "-79.205", "83", "1", "70Clino_nubi.JPG");
INSERT INTO fotos (id, latitud, longitud, especie, lugar, path) VALUES ("89", "-2.91666", "-79.21666", "88", "1", "80Dipl_glan.JPG");
INSERT INTO fotos (id, latitud, longitud, especie, lugar, path) VALUES ("87", "-2.783", "-79.2239167", "86", "1", "21Diplos_eric.JPG");
INSERT INTO fotos (id, latitud, longitud, especie, lugar, path) VALUES ("99", "-2.7816667", "-79.2377777", "98", "1", "54Drab_stey.JPG");
INSERT INTO fotos (id, latitud, longitud, especie, lugar, path) VALUES ("93", "-2.7833333", "-79.2", "92", "1", "58Dist_empe.JPG");
INSERT INTO fotos (id, latitud, longitud, especie, lugar, path) VALUES ("96", "-2.7822223", "-79.2238889", "95", "1", "44Dorob_pimp.JPG");
INSERT INTO fotos (id, latitud, longitud, especie, lugar, path) VALUES ("107", "-2.7858333", "-79.205", "106", "1", "37Epid_tenui.JPG");
INSERT INTO fotos (id, latitud, longitud, especie, lugar, path) VALUES ("103", "-2.79888", "-79.30472", "102", "1", "05Ephe-ame.JPG");
INSERT INTO fotos (id, latitud, longitud, especie, lugar, path) VALUES ("114", "-2.93333", "-79.16666", "113", "1", "78Erin_humi.JPG");
INSERT INTO fotos (id, latitud, longitud, especie, lugar, path) VALUES ("111", "-2.81111", "-79.24361", "110", "1", "01Equise_bog.JPG");
INSERT INTO fotos (id, latitud, longitud, especie, lugar, path) VALUES ("122", "-2.7833333", "-79.2", "121", "1", "65Fuch_loxe.JPG");
INSERT INTO fotos (id, latitud, longitud, especie, lugar, path) VALUES ("118", "-2.8333333", "-79.2166667", "117", "1", "84Esca_myrt.JPG");
INSERT INTO fotos (id, latitud, longitud, especie, lugar, path) VALUES ("133", "-2.8", "-79.13333", "132", "1", "71Genti_cera.JPG");
INSERT INTO fotos (id, latitud, longitud, especie, lugar, path) VALUES ("125", "-2.7822223", "-79.2233334", "124", "1", "50Gali_hypo.JPG");
INSERT INTO fotos (id, latitud, longitud, especie, lugar, path) VALUES ("130", "-2.81666", "-79.16666", "129", "1", "81Gent_sedi.JPG");
INSERT INTO fotos (id, latitud, longitud, especie, lugar, path) VALUES ("137", "-2.8025", "-79.21833", "136", "1", "48Genti_hyss.JPG");
INSERT INTO fotos (id, latitud, longitud, especie, lugar, path) VALUES ("135", "-2.783", "-79.2239167", "134", "1", "47Genti_hirc.JPG");
INSERT INTO fotos (id, latitud, longitud, especie, lugar, path) VALUES ("145", "-2.8025", "-79.21833", "144", "1", "69Gera_mult.JPG");
INSERT INTO fotos (id, latitud, longitud, especie, lugar, path) VALUES ("139", "-2.95", "-79.3", "138", "1", "83Gent_long.JPG");
INSERT INTO fotos (id, latitud, longitud, especie, lugar, path) VALUES ("149", "-2.7", "-79.26666", "148", "1", "32Geum_per.JPG");
INSERT INTO fotos (id, latitud, longitud, especie, lugar, path) VALUES ("154", "-2.783", "-79.2239167", "153", "1", "39Gynox_mini.JPG");
INSERT INTO fotos (id, latitud, longitud, especie, lugar, path) VALUES ("157", "-2.8", "-79.13333", "156", "1", "90Hale_serp.JPG");
INSERT INTO fotos (id, latitud, longitud, especie, lugar, path) VALUES ("160", "-2.8025", "-79.21833", "159", "1", "07Hesper_obt.jpg");
INSERT INTO fotos (id, latitud, longitud, especie, lugar, path) VALUES ("174", "-2.8025", "-79.21833", "173", "1", "46Hypoc_sess.JPG");
INSERT INTO fotos (id, latitud, longitud, especie, lugar, path) VALUES ("163", "-2.7822223", "-79.2238889", "162", "1", "43Hiera_frig.JPG");
INSERT INTO fotos (id, latitud, longitud, especie, lugar, path) VALUES ("167", "-2.90166", "-79.26111", "166", "1", "02Huper_crass.JPG");
INSERT INTO fotos (id, latitud, longitud, especie, lugar, path) VALUES ("171", "-2.7822223", "-79.2238889", "170", "1", "35Hyper_acic.JPG");
INSERT INTO fotos (id, latitud, longitud, especie, lugar, path) VALUES ("179", "-2.783", "-79.2239167", "178", "1", "03Isoet_novo.JPG");
INSERT INTO fotos (id, latitud, longitud, especie, lugar, path) VALUES ("183", "-2.91666", "-79.21666", "182", "1", "04James_goud.jpg");
INSERT INTO fotos (id, latitud, longitud, especie, lugar, path) VALUES ("186", "-2.76666", "-79.21666", "185", "1", "56Lach_hisp.JPG");
INSERT INTO fotos (id, latitud, longitud, especie, lugar, path) VALUES ("191", "-2.93333", "-79.26666", "190", "1", "28Loric_thuy.JPG");
INSERT INTO fotos (id, latitud, longitud, especie, lugar, path) VALUES ("188", "-2.8", "-79.28333", "187", "1", "91Lache_orbi.JPG");
INSERT INTO fotos (id, latitud, longitud, especie, lugar, path) VALUES ("195", "-2.66666", "-79.38333", "194", "1", "76Lupi_micr.JPG");
INSERT INTO fotos (id, latitud, longitud, especie, lugar, path) VALUES ("204", "-2.783", "-79.2239167", "203", "1", "13Micon_sali.JPG");
INSERT INTO fotos (id, latitud, longitud, especie, lugar, path) VALUES ("199", "-2.7822223", "-79.2233334", "198", "1", "11Lysip_vit.JPG");
INSERT INTO fotos (id, latitud, longitud, especie, lugar, path) VALUES ("202", "-2.783", "-79.2239167", "201", "1", "12Micon_chio.jpg");
INSERT INTO fotos (id, latitud, longitud, especie, lugar, path) VALUES ("208", "-2.7", "-79.26666", "207", "1", "75Monn_cras.JPG");
INSERT INTO fotos (id, latitud, longitud, especie, lugar, path) VALUES ("216", "-1.75", "-78.45", "215", "1", "98Neur_vill.JPG");
INSERT INTO fotos (id, latitud, longitud, especie, lugar, path) VALUES ("212", "-2.8439722", "-79.1437194", "211", "1", "96Myrio_quit.JPG");
INSERT INTO fotos (id, latitud, longitud, especie, lugar, path) VALUES ("220", "-2.7775", "-79.2416666", "219", "1", "73Noto_hart.JPG");
INSERT INTO fotos (id, latitud, longitud, especie, lugar, path) VALUES ("227", "-2.66666", "-79.25", "226", "1", "64Ouri_cham.JPG");
INSERT INTO fotos (id, latitud, longitud, especie, lugar, path) VALUES ("223", "-2.783", "-79.2239167", "222", "1", "22Oritr_croci.JPG");
INSERT INTO fotos (id, latitud, longitud, especie, lugar, path) VALUES ("231", "-2.8", "-79.13333", "230", "1", "31Oxal_phae.JPG");
INSERT INTO fotos (id, latitud, longitud, especie, lugar, path) VALUES ("254", "-2.78583", "-79.205", "253", "1", "79Pere_pung.JPG");
INSERT INTO fotos (id, latitud, longitud, especie, lugar, path) VALUES ("239", "-2.75", "-79.1666667", "238", "1", "67Passi_cumb.JPG");
INSERT INTO fotos (id, latitud, longitud, especie, lugar, path) VALUES ("242", "-2.7822223", "-79.2233334", "241", "1", "62Pedi_inc.JPG");
INSERT INTO fotos (id, latitud, longitud, especie, lugar, path) VALUES ("245", "-2.8025", "-79.21833", "244", "1", "40Penta_arbu.JPG");
INSERT INTO fotos (id, latitud, longitud, especie, lugar, path) VALUES ("247", "-2.783", "-79.2239167", "246", "1", "41Penta_vacc.JPG");
INSERT INTO fotos (id, latitud, longitud, especie, lugar, path) VALUES ("257", "-2.7905555", "-79.2011111", "256", "1", "14Pern_pros.JPG");
INSERT INTO fotos (id, latitud, longitud, especie, lugar, path) VALUES ("261", "-2.7822223", "-79.2233334", "260", "1", "74Pingu_caly.JPG");
INSERT INTO fotos (id, latitud, longitud, especie, lugar, path) VALUES ("266", "-2.7858333", "-79.205", "265", "1", "87Plant_rigi.JPG");
INSERT INTO fotos (id, latitud, longitud, especie, lugar, path) VALUES ("264", "-2.7925", "-79.2008333", "263", "1", "93Plant_aust.JPG");
INSERT INTO fotos (id, latitud, longitud, especie, lugar, path) VALUES ("269", "-2.7858333", "-79.205", "268", "1", "51Pleur_cori.JPG");
INSERT INTO fotos (id, latitud, longitud, especie, lugar, path) VALUES ("273", "-2.7822223", "-79.2238889", "272", "1", "92Poly_reti.JPG");
INSERT INTO fotos (id, latitud, longitud, especie, lugar, path) VALUES ("280", "-2.7925", "-79.2008333", "279", "1", "33Poten_domb.JPG");
INSERT INTO fotos (id, latitud, longitud, especie, lugar, path) VALUES ("277", "-2.81111", "-79.24361", "276", "1", "95Potam_para.JPG");
INSERT INTO fotos (id, latitud, longitud, especie, lugar, path) VALUES ("284", "-2.7858333", "-79.205", "283", "1", "82Puya_clav.JPG");
INSERT INTO fotos (id, latitud, longitud, especie, lugar, path) VALUES ("288", "-2.7822223", "-79.2233334", "287", "1", "94Ranu_flag.JPG");
INSERT INTO fotos (id, latitud, longitud, especie, lugar, path) VALUES ("290", "-2.7833", "-79.33", "289", "1", "34Ranuc_prae.JPG");
INSERT INTO fotos (id, latitud, longitud, especie, lugar, path) VALUES ("294", "-0.78333", "-79.23333", "293", "1", "63Ribe_lehm.JPG");
INSERT INTO fotos (id, latitud, longitud, especie, lugar, path) VALUES ("301", "-2.7858333", "-79.205", "300", "1", "97Scir_rigi.JPG");
INSERT INTO fotos (id, latitud, longitud, especie, lugar, path) VALUES ("297", "-2.7858333", "-79.205", "296", "1", "55Rubu_cori.JPG");
INSERT INTO fotos (id, latitud, longitud, especie, lugar, path) VALUES ("308", "-2.7925", "-79.2008333", "307", "1", "29Sisyr_palu.JPG");
INSERT INTO fotos (id, latitud, longitud, especie, lugar, path) VALUES ("304", "-2.783", "-79.2239167", "303", "1", "42Senec_chio.JPG");
INSERT INTO fotos (id, latitud, longitud, especie, lugar, path) VALUES ("11", "-2.7849444", "-79.2055", "10", "1", "10Arcyt_vern.JPG");
INSERT INTO fotos (id, latitud, longitud, especie, lugar, path) VALUES ("73", "-2.7775", "-79.2416666", "72", "1", "88Casti_fiss.JPG");
INSERT INTO fotos (id, latitud, longitud, especie, lugar, path) VALUES ("152", "-2.9", "-79.28333", "151", "1", "38Gynox_cuic.JPG");
INSERT INTO fotos (id, latitud, longitud, especie, lugar, path) VALUES ("234", "-2.7849444", "-79.2055", "233", "1", "100Pasp_humb.JPG");
INSERT INTO fotos (id, latitud, longitud, especie, lugar, path) VALUES ("311", "-2.7822223", "-79.2238889", "310", "1", "60Stac_elli.JPG");
INSERT INTO fotos (id, latitud, longitud, especie, lugar, path) VALUES ("332", "-2.783", "-79.2239167", "331", "1", "08Viola_pyg.JPG");
INSERT INTO fotos (id, latitud, longitud, especie, lugar, path) VALUES ("314", "-2.9077778", "-79.2836111", "313", "1", "57vacc_flor.JPG");
INSERT INTO fotos (id, latitud, longitud, especie, lugar, path) VALUES ("335", "-2.93333", "-79.3", "334", "1", "23Wern_nubi.JPG");
INSERT INTO fotos (id, latitud, longitud, especie, lugar, path) VALUES ("318", "-2.7858333", "-79.205", "317", "1", "15Valer_cer.JPG");
INSERT INTO fotos (id, latitud, longitud, especie, lugar, path) VALUES ("320", "-2.7694445", "-79.2447222", "319", "1", "19Valer_henr.JPG");
INSERT INTO fotos (id, latitud, longitud, especie, lugar, path) VALUES ("337", "-2.7925", "-79.2008333", "336", "1", "45Werne_pumi.JPG");
INSERT INTO fotos (id, latitud, longitud, especie, lugar, path) VALUES ("339", "-2.7775", "-79.2416666", "338", "1", "24Wern_pygm.JPG");
INSERT INTO fotos (id, latitud, longitud, especie, lugar, path) VALUES ("342", "-2.7858333", "-79.205", "341", "1", "25Xenop_hum.JPG");
INSERT INTO fotos (id, latitud, longitud, especie, lugar, path) VALUES ("344", "-2.7775", "-79.2416666", "343", "1", "68Xenop_rose.JPG");
INSERT INTO fotos (id, latitud, longitud, especie, lugar, path) VALUES ("322", "-2.7833", "-79.33", "321", "1", "16Valer_micr.JPG");
INSERT INTO fotos (id, latitud, longitud, especie, lugar, path) VALUES ("324", "-2.7822223", "-79.2238889", "323", "1", "17Valer_plantaginea copy.jpg");
INSERT INTO fotos (id, latitud, longitud, especie, lugar, path) VALUES ("326", "-2.83333", "-79.2", "325", "1", "20Valer_rigi.JPG");
INSERT INTO fotos (id, latitud, longitud, especie, lugar, path) VALUES ("328", "-2.7775", "-79.2416666", "327", "1", "18Valer_secu.JPG");
